{
  "project_info": {
    "project_number": "854101181009",
    "firebase_url": "https://eelection-d12b0.firebaseio.com",
    "project_id": "eelection-d12b0",
    "storage_bucket": "eelection-d12b0.appspot.com"
  },
  "client": [
    {
      "client_info": {
        "mobilesdk_app_id": "1:854101181009:android:b046b06db927043e",
        "android_client_info": {
          "package_name": "com.eelection"
        }
      },
      "oauth_client": [
        {
          "client_id": "854101181009-mvinsf0278pjssu4vov0fhu5mjmnjbsv.apps.googleusercontent.com",
          "client_type": 1,
          "android_info": {
            "package_name": "com.eelection",
            "certificate_hash": "48168554e604d14c98b62a5a8636f2b1c635c914"
          }
        },
        {
          "client_id": "854101181009-01j4r3v55mab2i59cbjmgp37d0qe7tsc.apps.googleusercontent.com",
          "client_type": 3
        }
      ],
      "api_key": [
        {
          "current_key": "AIzaSyBEc_1XwQcNmlfcHzXSLBOREQ4ahhh0eKs"
        }
      ],
      "services": {
        "appinvite_service": {
          "other_platform_oauth_client": [
            {
              "client_id": "854101181009-01j4r3v55mab2i59cbjmgp37d0qe7tsc.apps.googleusercontent.com",
              "client_type": 3
            }
          ]
        }
      }
    }
  ],
  "configuration_version": "1"
}